[	
	{
		"name": "Vayne",
		"image": "http://placehold.it/120x120&text=image1"
	},
	{
		"name": "Ekko",
		"image": "http://placehold.it/120x120&text=image2"
	},
	{
		"name": "Doodo",
		"image": "http://placehold.it/120x120&text=image3"
	},
	{
		"name": "Threo",
		"image": "http://placehold.it/120x120&text=image4"
	},
	{
		"name": "Forreo",
		"image": "http://placehold.it/120x120&text=image5"
	},
	{
		"name": "Fevveo",
		"image": "http://placehold.it/120x120&text=image6"
	},
	{
		"name": "Seyyeo",
		"image": "http://placehold.it/120x120&text=image7"
	},
	{
		"name": "Eiyoo",
		"image": "http://placehold.it/120x120&text=image8"
	},
	{
		"name": "Niooo",
		"image": "http://placehold.it/120x120&text=image9"
	},
	{
		"name": "Teaooo",
		"image": "http://placehold.it/120x120&text=image10"
	},
	{
		"name": "Elevooo",
		"image": "http://placehold.it/120x120&text=image11"
	},
	{
		"name": "Twellooo",
		"image": "http://placehold.it/120x120&text=image12"
	},
	{
		"name": "Thirteoo",
		"image": "http://placehold.it/120x120&text=image13"
	},
	{
		"name": "Fourteoo",
		"image": "http://placehold.it/120x120&text=image14"
	},
	{
		"name": "Fifteenooo",
		"image": "http://placehold.it/120x120&text=image15"
	},
	{
		"name": "Sixteeneoo",
		"image": "http://placehold.it/120x120&text=image16"
	},
	{
		"name": "Seventeeneooo",
		"image": "http://placehold.it/120x120&text=image17"
	},
	{
		"name": "Eighteeneoo",
		"image": "http://placehold.it/120x120&text=image18"
	},
	{
		"name": "Nineteeneoo",
		"image": "http://placehold.it/120x120&text=image19"
	},
	{
		"name": "Twenteoo",
		"image": "http://placehold.it/120x120&text=image20"
	},
	{
		"name": "Twenteoo1",
		"image": "http://placehold.it/120x120&text=image21"
	},
	{
		"name": "Twenteoo2",
		"image": "http://placehold.it/120x120&text=image22"
	},
	{
		"name": "Twenteoo3",
		"image": "http://placehold.it/120x120&text=image23"
	},
	{
		"name": "Twenteoo4",
		"image": "http://placehold.it/120x120&text=image24"
	},
	{
		"name": "Twenteoo5",
		"image": "http://placehold.it/120x120&text=image25"
	}
]